curator_name,curator_url,playlist_id,playlist_name,playlist_url,followers,total_tracks,description,image_url,public,top_genres,primary_genre,genre_diversity,unique_artists,avg_artist_popularity,avg_artist_followers
Filtr US,https://open.spotify.com/user/myplay.com,07fouBE2kZPmvOcZ5zPh7y,Relax and Discover | Chill Soft Pop,https://open.spotify.com/playlist/07fouBE2kZPmvOcZ5zPh7y,35507,251,"Relaxing doesn‚Äôt mean falling behind. Chill out with Hozier, Luke Combs + more. | Indie Folk Indie-Folk Adult Contemporary Hot AC Alternative Soft Pop | Cover: Mitchell Tenpenny",https://image-cdn-ak.spotifycdn.com/image/ab67706c0000da843ec939598a8b397eff3308b6,True,"[nan, 'country', 'bedroom pop', 'alternative r&b', 'folk pop']",,93,205,53.51063829787234,2319461.3262411347
Filtr US,https://open.spotify.com/user/myplay.com,0BNWcx0NYbeOaqyiNlMYpE,Upbeat Christmas Classics üéÑ,https://open.spotify.com/playlist/0BNWcx0NYbeOaqyiNlMYpE,11747,159,Christmas | Christmas Songs | Classic Christmas | Christmas Classics | Xmas | Vintage Christmas | Holiday Music | Holiday | Holiday Songs | Best Christmas | Traditional Christmas | Old Christmas | Christmas Oldies,https://image-cdn-fa.spotifycdn.com/image/ab67706c0000da8411e774142193146a6394d36b,True,"[nan, 'christmas', 'pop', 'country', 'r&b']",,53,121,67.93877551020408,8821339.127551021
Filtr US,https://open.spotify.com/user/myplay.com,0BbSD5DoiacoEglRy7oVjQ,Christmas Country Classics üéÑ,https://open.spotify.com/playlist/0BbSD5DoiacoEglRy7oVjQ,388,150,Country Christmas | Christmas Songs | Christmas Music | Country Music | Southern | Country Songs | Country Hits | 2025 | Christmas | Holiday,https://image-cdn-ak.spotifycdn.com/image/ab67706c0000da845e37e2175693666fd2c62d60,True,"['country', 'classic country', 'traditional country', 'christian country', nan]",country,35,93,59.0,2375167.005263158
Filtr US,https://open.spotify.com/user/myplay.com,0J6Afuxzt2Vk8YErKl1aVR,GETTING READY  üéÄüíÑ,https://open.spotify.com/playlist/0J6Afuxzt2Vk8YErKl1aVR,36107,206,"Pregame, get ready with me, halloween, halloweekend, GRWM, hype songs, hot girl era, THAT girl, IT girl, glow up, self care, Tate McRae, Beyonce,  Tyla, Doja Cat, SZA",https://image-cdn-ak.spotifycdn.com/image/ab67706c0000da84fd20277c1f26f2ba1d8b4e7e,True,"[nan, 'pop', 'r&b', 'alternative r&b', 'rap']",,35,106,81.06719367588933,26058516.90909091
Filtr US,https://open.spotify.com/user/myplay.com,0JFatPoPq82gNcPa4esOzj,TikTok songs you can't get out of your head | 2025 TikTok songs & viral hits,https://open.spotify.com/playlist/0JFatPoPq82gNcPa4esOzj,1144312,102,tiktok songs tik tok songs viral hits tiktok music tik tok music | cover: Tyla,https://image-cdn-fa.spotifycdn.com/image/ab67706c0000da84a5a202e699297b54e1195144,True,"[nan, 'r&b', 'rap', 'k-pop', 'hip hop']",,41,94,80.91538461538461,17750062.084615383
Filtr US,https://open.spotify.com/user/myplay.com,0LTwFpF7LPnXteJ5wFtckx,1950s Christmas Classics,https://open.spotify.com/playlist/0LTwFpF7LPnXteJ5wFtckx,17,80,Classic Christmas | 50s Christmas | Vintage Christmas | Old Christmas | Christmas | Holiday | Christmas Oldies | Nostalgic Christmas | Christmas Songs | Christmas Music | Best Christmas | 1940s | 1950s | 1960s | Classic,https://image-cdn-ak.spotifycdn.com/image/ab67706c0000da842ed22fdbfdbd1475acdf241c,True,"['christmas', 'big band', 'adult standards', 'vocal jazz', 'orchestral']",christmas,27,50,53.971698113207545,1617939.5566037735
Filtr US,https://open.spotify.com/user/myplay.com,0RB7cwb9JoTTiGaXO4V0jQ,Christmas Music 2025,https://open.spotify.com/playlist/0RB7cwb9JoTTiGaXO4V0jQ,678,263,"All your Christmas favorites by Mariah Carey, Pentatonix, Elvis, Wham!, John Legend, Kelly Clarkson, and Andy Williams.",https://image-cdn-ak.spotifycdn.com/image/ab67706c0000da8417d5f2cc5e4f5dbef58d14a1,True,"['christmas', nan, 'adult standards', 'big band', 'vocal jazz']",christmas,67,140,66.96485623003196,4751977.057507987
Filtr US,https://open.spotify.com/user/myplay.com,0VkhN48djiq7VMzTc2nuZ9,College 101,https://open.spotify.com/playlist/0VkhN48djiq7VMzTc2nuZ9,35653,131,"Perfect for your pre-game or after-party featuring hits from Travis Scott, Lil Nas X, and Doja Cat | Cover: Cochise",https://image-cdn-ak.spotifycdn.com/image/ab67706c0000da84102a9bea62ab79acd7b0a963,True,"[nan, 'rap', 'drill', 'chicago drill', 'reggaeton']",,63,134,70.63849765258216,13626781.408450704
Filtr US,https://open.spotify.com/user/myplay.com,0YMVY3uhQNd7WUf0hSByrX,throwback bangers (90s - 2010s),https://open.spotify.com/playlist/0YMVY3uhQNd7WUf0hSByrX,309418,128,throwback hits | 1990s | 2000s | Y2K | 10s | pop | nostalgia | throwback jams | top throwback hits | 2000s hits | party | tlc | destiny's child | christina aguilera | usher | t-pain | chris brown | mariah carey | fugees | nelly furtado | beyonce | justin timberlake | nsync | one direction,https://image-cdn-fa.spotifycdn.com/image/ab67706c0000da8494d11bfbfb0995a15a9d1941,True,"[nan, 'r&b', 'southern hip hop', 'east coast hip hop', 'hip hop']",,33,113,70.75141242937853,7857950.966101695
Filtr US,https://open.spotify.com/user/myplay.com,0ZKUgaB3lQ5F3ooRoMdFdI,Old Christmas Classics üéÑ,https://open.spotify.com/playlist/0ZKUgaB3lQ5F3ooRoMdFdI,29619,159,Classic Christmas | Vintage Christmas | Old Christmas | Christmas | Holiday | Christmas Oldies | Nostalgic Christmas | Christmas Songs | Christmas Music | Best Christmas | 1940s | 1950s | 1960s | Classic,https://image-cdn-ak.spotifycdn.com/image/ab67706c0000da843410c6dff0c77e4af56e6876,True,"['christmas', 'adult standards', 'big band', 'swing music', 'vocal jazz']",christmas,34,57,64.21649484536083,1697052.7577319588
Filtr US,https://open.spotify.com/user/myplay.com,0ZjPyJzy3zNaDsLEpDyMO0,Dinner Party Essentials 2025 üçΩÔ∏è,https://open.spotify.com/playlist/0ZjPyJzy3zNaDsLEpDyMO0,44650,145,We cooked a mean playlist üçΩÔ∏è Chill Feel Good Dinner Party Mix Music Friends Wine Vibes Thanksgiving Friendsgiving ,https://image-cdn-fa.spotifycdn.com/image/ab67706c0000da8421aea86d996e186c5f0b684e,True,"[nan, 'country', 'moombahton', 'r&b', 'soft pop']",,59,148,70.05288461538461,9738084.903846154
Filtr US,https://open.spotify.com/user/myplay.com,0bx5Dgu5yOEhST49LP67su,Lowkey Flex,https://open.spotify.com/playlist/0bx5Dgu5yOEhST49LP67su,36596,61,"New Music from Nas, Monaleo, and Boldy James! Cover: Rich Brian",https://image-cdn-ak.spotifycdn.com/image/ab67706c0000da84f54331b6bb99e9893c985afc,True,"[nan, 'experimental hip hop', 'drill', 'uk drill', 'boom bap']",,62,99,51.84126984126984,1981154.7063492064
Filtr US,https://open.spotify.com/user/myplay.com,0cWTrwtznelk5VkuJk6tQW,sad songs for sad girls üòîüíî,https://open.spotify.com/playlist/0cWTrwtznelk5VkuJk6tQW,14742,122,sad girl hour for the girls in my feels extremely gut wrenching violently sobbing crying screaming  hauntingly tragic absolutely devastating painful soul crushing sad songs,https://image-cdn-ak.spotifycdn.com/image/ab67706c0000da84ff22105f51569a0633e86bb0,True,"[nan, 'soft pop', 'r&b', 'pop', 'bedroom pop']",,19,103,74.42647058823529,15825119.823529411
Filtr US,https://open.spotify.com/user/myplay.com,0izxdmHoS8KbXa0nOYrdbF,It's The Most Wonderful Time Of The Year + More Christmas Songs,https://open.spotify.com/playlist/0izxdmHoS8KbXa0nOYrdbF,14696,148,"&quot;It's The Most Wonderful Time Of The Year&quot; and all your Christmas favorites by Mariah Carey, Pentatonix, Elvis, Wham!, John Legend, Kelly Clarkson, and Andy Williams.",https://image-cdn-ak.spotifycdn.com/image/ab67706c0000da8491344d243ae01b45131917ad,True,"['christmas', nan, 'adult standards', 'big band', 'jazz']",christmas,60,105,67.17142857142858,4207045.52
Filtr US,https://open.spotify.com/user/myplay.com,0pSWaN7iAWgFUcMdpuSAvn,1940s Christmas Classics,https://open.spotify.com/playlist/0pSWaN7iAWgFUcMdpuSAvn,15,100,Classic Christmas | 40s Christmas | Vintage Christmas | Old Christmas | Christmas | Holiday | Christmas Oldies | Nostalgic Christmas | Christmas Songs | Christmas Music | Best Christmas | 1940s | 1950s | 1960s | Classic,https://image-cdn-fa.spotifycdn.com/image/ab67706c0000da84b9b24ca03aab1ac3b37a6df8,True,"['big band', 'christmas', 'swing music', 'adult standards', 'jazz']",big band,13,68,50.16551724137931,1138979.4206896552
Filtr US,https://open.spotify.com/user/myplay.com,0wWKlKShqCEbMGFbG2kCZX,1960s Christmas Classics,https://open.spotify.com/playlist/0wWKlKShqCEbMGFbG2kCZX,16,145,Classic Christmas | 60s Christmas | Vintage Christmas | Old Christmas | Christmas | Holiday | Christmas Oldies | Nostalgic Christmas | Christmas Songs | Christmas Music | Best Christmas | 1940s | 1950s | 1960s | Classic,https://image-cdn-ak.spotifycdn.com/image/ab67706c0000da8432e08a17805ed29a6f1d2023,True,"['christmas', 'adult standards', 'big band', 'vocal jazz', 'swing music']",christmas,45,82,53.41361256544503,821830.4293193717
Filtr US,https://open.spotify.com/user/myplay.com,0yRwlQAjVyegGBn1eRwRBR,COUNTRY CHRISTMAS HITS ‚ùÑÔ∏è,https://open.spotify.com/playlist/0yRwlQAjVyegGBn1eRwRBR,59486,131,Christmas Country | Christmas Songs | Christmas Music | Country Music | Southern | Country Songs | Country Hits | 2025 | Christmas | Holiday,https://image-cdn-ak.spotifycdn.com/image/ab67706c0000da84e63614066aaddda99cf8a19f,True,"['country', 'classic country', nan, 'christmas', 'christian country']",country,32,80,54.82716049382716,1888939.487654321
Filtr US,https://open.spotify.com/user/myplay.com,1GfuMQxvw8BcgUx0ozH3fl,workout songs for the girls üéÄüî• ,https://open.spotify.com/playlist/1GfuMQxvw8BcgUx0ozH3fl,163740,142,time to lock in  |  workout | diva is a female version of a hustler | workout playlist | 2024 | hot gym girls playlist | hot girl summer | workout bangers | workout hits | female | women | beast mode | gym hits | high energy | songs to sweat to | hype workout | dance | pop | hip hop | r&amp;b | hot girl,https://image-cdn-ak.spotifycdn.com/image/ab67706c0000da842a6a74de8ad81e16a0ca1944,True,"[nan, 'pop', 'r&b', 'reggaeton', 'art pop']",,47,112,79.01538461538462,22270856.871794872
Filtr US,https://open.spotify.com/user/myplay.com,1HlINC1PTStA2LlT3Eezkp,MOTIVATIONAL MUSIC üèãÔ∏è GYM PLAYLIST,https://open.spotify.com/playlist/1HlINC1PTStA2LlT3Eezkp,33904,179,"Happy hits to boost your mood, get you motivated and keep you energized! üèãÔ∏è Feel-good pick-me-ups! Motivational Music! Cover: August Moon",https://image-cdn-ak.spotifycdn.com/image/ab67706c0000da84b98afe9f9ad5a1a72e459aa6,True,"[nan, 'k-pop', 'slap house', 'christian', 'country']",,107,223,64.44912280701755,7422990.2245614035
Filtr US,https://open.spotify.com/user/myplay.com,1JAiKeZyrPxhoCZDjxErRu,Ultimate Christmas Playlist üéµ,https://open.spotify.com/playlist/1JAiKeZyrPxhoCZDjxErRu,18,150,Christmas | Christmas Songs | Classic Christmas | Christmas Hits | Christmas Classics | Xmas | Vintage Christmas | Holiday Music | Holiday | Holiday Songs | Best Christmas | Traditional Christmas | Old Christmas | Christmas Oldies,https://image-cdn-ak.spotifycdn.com/image/ab67706c0000da84335f822c213af2ec3926db2a,True,"[nan, 'christmas', 'r&b', 'soft pop', 'neo soul']",,54,115,66.95897435897436,12330692.81025641
Filtr US,https://open.spotify.com/user/myplay.com,1TBL5HI0fRxAZhndDhjvw5,90s and 2000s Throwbacks: Popstruck ü¶ã üíñ üéß,https://open.spotify.com/playlist/1TBL5HI0fRxAZhndDhjvw5,841,169,Put on your cargo pants jam out to all the classics with this 90s-2000s throwback essentials playlist! Let nostalgia take you on a ride with this mix of all the top Y2K hits ‚òÅÔ∏é,https://image-cdn-ak.spotifycdn.com/image/ab67706c0000da849e6f3e76320b9d2d74d86b69,True,"[nan, 'pop', 'r&b', 'christmas', 'southern hip hop']",,29,89,77.48325358851675,16302518.511961723
Filtr US,https://open.spotify.com/user/myplay.com,1bITtFrlPY17DETjQssYQh,Indie Vibes - New Alternative Tracks,https://open.spotify.com/playlist/1bITtFrlPY17DETjQssYQh,32461,107,"Indie, Alternative, and more between feat. Jungle Back On 74 &amp; Djo | New Indie Pop Indie Rock Vibes Indie Bands 2024 | Cover: Beach Weather",https://image-cdn-ak.spotifycdn.com/image/ab67706c0000da84a9fd47e5ec74e27a4a0c3bbf,True,"[nan, 'indie', 'bedroom pop', 'indie rock', 'baroque pop']",,21,78,54.2212389380531,1221408.3982300884
Filtr US,https://open.spotify.com/user/myplay.com,1eiyaQTRfcYowVFcyvmrQh,Afro Music 2025üî• Afrobeats & Afropop Vibes,https://open.spotify.com/playlist/1eiyaQTRfcYowVFcyvmrQh,19843,102,"Afro sounds across the diaspora üå¥ Best Afrobeats Summer üåç Afrobeat Hits Playlist  üé∂ Afromusic üå¥ Afro pop  üî• Amapiano üåç Feat. Tyla, Davido, Oxlade, Tems, Wizkid, Libianca &amp; More üé∂ Cover: Tems",https://image-cdn-ak.spotifycdn.com/image/ab67706c0000da84fdeeeb65a416bc41aba4c548,True,"['afrobeats', 'afrobeat', 'afropop', 'afropiano', 'afro r&b']",afrobeats,71,110,61.77245508982036,3492132.5928143715
Filtr US,https://open.spotify.com/user/myplay.com,1h90L3LP8kAJ7KGjCV2Xfd,Feel Good ü§© Happy Hits,https://open.spotify.com/playlist/1h90L3LP8kAJ7KGjCV2Xfd,289249,255,happy | vibes | feel good | music | mood boost | happy hits | clean pop | positive vibes | dopamine | serotonin | high vibes | happy summer | positive affirmation | upbeat | drive | windows down | good vibes | indie | pop | rock | alternative | feelin' good | healing | rise | smile,https://image-cdn-ak.spotifycdn.com/image/ab67706c0000da84ede96aa2c878d1c30c25fac9,True,"[nan, 'latin', 'country', 'reggaeton', 'latin pop']",,118,256,62.44648318042813,6025976.226299694
Filtr US,https://open.spotify.com/user/myplay.com,1hmo2SMw2oyEVKvsveTi8y,Work From Home,https://open.spotify.com/playlist/1hmo2SMw2oyEVKvsveTi8y,33377,87,"Working from home never sounded better. All the jams you need to stay sane while working remotely, ft. <a href=""https://open.spotify.com/artist/1l8Fu6IkuTP0U5QetQJ5Xt?si=UOX9TN8YToW0WCIV5jFZyw"">Fifth Harmony</a>, <a href=""https://open.spotify.com/artist/6LuN9FCkKOj5PcnpouEgny?si=jNFScz6OQ1OC9xyLpo2bKg"">Khalid</a>, <a href=""https://open.spotify.com/artist/0hEurMDQu99nJRq8pTxO14?si=PL0PjAmuQEezFRqVKHGurQ"">John Mayer</a> &amp; more.",https://image-cdn-ak.spotifycdn.com/image/ab67706c0000da84c3512d34ef8ad6c3af405da7,True,"[nan, 'rap', 'r&b', 'country', 'singer-songwriter']",,43,107,73.02362204724409,14057722.787401576
Filtr US,https://open.spotify.com/user/myplay.com,1lCxPgDJMLU0rItXniVaEh,Study Vibes,https://open.spotify.com/playlist/1lCxPgDJMLU0rItXniVaEh,248541,84,"Let your mind unwind with these chilled electronic tracks that will help you focus when you need to. Follow <a href=""http://open.spotify.com/user/ultramusicofficial"">Ultra Records</a> and <a href=""http://open.spotify.com/user/myplay.com"">Filtr</a> to get more playlists, updated daily!",https://image-cdn-ak.spotifycdn.com/image/ab67706c0000d72c8fc6934718adec57e5facc06,True,"[nan, 'lo-fi', 'lo-fi beats', 'jazz beats', 'lo-fi hip hop']",,27,90,32.442477876106196,50137.77876106195
Filtr US,https://open.spotify.com/user/myplay.com,1o2NQfGZvOdn6DhpuknKST,RADIANT ,https://open.spotify.com/playlist/1o2NQfGZvOdn6DhpuknKST,21498,214,"Women run the world! Celebrate Womens History Month with a playlist of female-centered pop, rock, and everything in between. Cover: Megan Moroney",https://image-cdn-ak.spotifycdn.com/image/ab67706c0000da840f71d1421e7c80112ce7f493,True,"[nan, 'afrobeats', 'country', 'bedroom pop', 'k-pop']",,46,149,54.84873949579832,2739464.3403361347
Filtr US,https://open.spotify.com/user/myplay.com,1y0LvVp2ww6nwA0lR0zkyy,Women In Country ü§ç,https://open.spotify.com/playlist/1y0LvVp2ww6nwA0lR0zkyy,22085,152,"Dive into classic + modern country hits from iconic female artists including Martina McBride, Dolly Parton, Gretchen Wilson, Maren Morris, Megan Moroney, Carrie Underwood, Tanya Tucker, Miranda Lambert + Lainey Wilson.",https://image-cdn-ak.spotifycdn.com/image/ab67706c0000da8419ddf5ced5400ca7506cc333,True,"['country', 'classic country', nan, 'traditional country', 'pop country']",country,13,74,61.922222222222224,1651119.2777777778
Filtr US,https://open.spotify.com/user/myplay.com,22ODrmuX1GWNIVWDfyMrxL,Traditional Christmas Music,https://open.spotify.com/playlist/22ODrmuX1GWNIVWDfyMrxL,32014,168,"This nostalgic Christmas playlist has all the classics: Frank Sinatra, Elvis Presley, Perry Como, Eartha Kitt and more of your old-fashioned holiday favorites! Chrustmas",https://image-cdn-ak.spotifycdn.com/image/ab67706c0000da84cbfd95b3779416ac056cd80c,True,"['christmas', 'adult standards', 'big band', 'vocal jazz', 'swing music']",christmas,45,79,59.785714285714285,1791503.4732142857
Filtr US,https://open.spotify.com/user/myplay.com,23THfIHdgMCAwVuoDHH5lO,christmas time sadness :/,https://open.spotify.com/playlist/23THfIHdgMCAwVuoDHH5lO,69,104,"From heartbreak to loneliness, these tracks provide a soothing soundtrack to accompany your winter blues. Curl up by the fire, sip on some hot cocoa and let these calming tracks wrap you in a warm and comforting embrace.",https://image-cdn-ak.spotifycdn.com/image/ab67706c0000da8459bd960fa77dee67c2eb0449,True,"[nan, 'christmas', 'adult standards', 'big band', 'jazz']",,58,91,62.15,3109938.7666666666
Filtr US,https://open.spotify.com/user/myplay.com,27YGNpO09soYvkeF54YQgq,Holiday Hits üéÑ,https://open.spotify.com/playlist/27YGNpO09soYvkeF54YQgq,11,150,Christmas | Christmas Songs | Classic Christmas | Christmas Hits | Christmas Classics | Xmas | Vintage Christmas | Holiday Music | Holiday | Holiday Songs | Best Christmas | Traditional Christmas | Old Christmas | Christmas Oldies,https://image-cdn-ak.spotifycdn.com/image/ab67706c0000da84e019c7ad57c9f85677fd02f3,True,"[nan, 'christmas', 'neo soul', 'country', 'pop']",,43,112,65.83798882681565,12426422.508379888
Filtr US,https://open.spotify.com/user/myplay.com,2H4nGBF2rXp2nraueOpCML,Corridos B√©licos 2025 üßîüßøüçÄüìø Corridos Tumbados 2025 üßøüî• Electro Corridos 2025‚ö°üòé ,https://open.spotify.com/playlist/2H4nGBF2rXp2nraueOpCML,23769,138,"Escucha los mejores √©xitos y corridos de la Nueva Musica Mexicana! üî•Incluyendo &quot;Marlboro Rojo&quot; y &quot;Tu Sancho&quot; de Fuerza Regida , &quot;Te Quer√≠a Ver&quot; Aleman &amp; Neton Vega  y m√°s! Cover: Luis R Conriquez, Fuerza Regida &amp; Net√≥n Vega",https://image-cdn-ak.spotifycdn.com/image/ab67706c0000da840376b992d6e8aa134289ddb5,True,"['corrido', 'corridos tumbados', 'corridos b√©licos', 'electro corridos', 'sad sierre√±o']",corrido,36,65,80.05,12395618.416666666
Filtr US,https://open.spotify.com/user/myplay.com,2HaKZjpDjxKCVpVI5PWiav,Adele ‚Äì 30 ‚Äì New Album,https://open.spotify.com/playlist/2HaKZjpDjxKCVpVI5PWiav,54470,13,"Adele ‚Äì 30 ‚Äì New Album | Listen to Adele‚Äôs new album, 30, featuring, ‚ÄúEasy On Me‚Äù, ‚ÄúOh My God‚Äù, ‚ÄúI Drink Wine‚Äù and more!",https://image-cdn-ak.spotifycdn.com/image/ab67706c0000da843ae72eb29e13852d6511a01f,True,['soft pop'],soft pop,1,1,85.0,67223299.0
Filtr US,https://open.spotify.com/user/myplay.com,2S33lkwZxrTm2Hqs8gP1S8,Christmas Songs üéÑ Traditional Classics,https://open.spotify.com/playlist/2S33lkwZxrTm2Hqs8gP1S8,12,150,Christmas | Christmas Music | Classic Christmas | Christmas Classics | Xmas | Vintage Christmas | Holiday Music | Holiday | Holiday Songs | Best Christmas | Traditional Christmas | Old Christmas | Christmas Oldies,https://image-cdn-ak.spotifycdn.com/image/ab67706c0000da8401b37f782c12aa5ed856e9cd,True,"['christmas', 'adult standards', 'big band', 'swing music', 'vocal jazz']",christmas,26,48,65.29166666666667,2050327.9010416667
Filtr US,https://open.spotify.com/user/myplay.com,2SRj7CV4iiuE9A15X8YhDd,Popular Christmas Music üéÑ‚ú®,https://open.spotify.com/playlist/2SRj7CV4iiuE9A15X8YhDd,33,160,Christmas Songs | Classic Christmas | Christmas Classics | Vintage Christmas | Holiday Music | Best Christmas | Pasko | Holiday Songs | All I Want For Christmas Is You | Rockin Around The Christmas Tree | Last Christmas | Let It Snow | Sleigh Ride | It's The Most Wonderful Time of the Year,https://image-cdn-ak.spotifycdn.com/image/ab67706c0000da845fb2d534f700483146cfbd98,True,"['christmas', nan, 'adult standards', 'big band', 'swing music']",christmas,38,95,69.6951871657754,6109765.77540107
Filtr US,https://open.spotify.com/user/myplay.com,2SaFA9fLH4BC5HellRivKG,Classic Christmas Music,https://open.spotify.com/playlist/2SaFA9fLH4BC5HellRivKG,210896,163,Christmas Classics | Old Christmas Music | Vintage Christmas | Nostalgic Christmas | Christmas Songs | Chrustmas | Christmas Music | Best Christmas | Old Christmas | Christmas Oldies | Rockin Around The Christmas Tree | Let It Snow | Sleigh Ride | It's The Most Wonderful Time of the Year,https://image-cdn-ak.spotifycdn.com/image/ab67706c0000d72c58d97c95509f14a3082273f7,True,"['christmas', 'adult standards', 'big band', 'swing music', 'vocal jazz']",christmas,34,60,64.48989898989899,1786864.5202020202
Filtr US,https://open.spotify.com/user/myplay.com,2ZOLpmQ0l3Rsar6Rduliyw,Christmas Oldies üéÑ 40s 50s 60s,https://open.spotify.com/playlist/2ZOLpmQ0l3Rsar6Rduliyw,21,150,Classic Christmas | Vintage Christmas | Old Christmas | Christmas | Holiday | Christmas Oldies | Nostalgic Christmas | Christmas Songs | Christmas Music | Best Christmas | 1940s | 1950s | 1960s | Classic,https://image-cdn-ak.spotifycdn.com/image/ab67706c0000da8443b8166a7d8449193754460c,True,"['christmas', 'adult standards', 'big band', 'vocal jazz', 'swing music']",christmas,33,60,62.90155440414508,1556770.5906735752
Filtr US,https://open.spotify.com/user/myplay.com,2gJWVloZ8UZ0aSVBdzEUKG,Cozy Christmas Classics üß£,https://open.spotify.com/playlist/2gJWVloZ8UZ0aSVBdzEUKG,17668,158,Christmas Classics | Old Christmas Music | Vintage Christmas | Nostalgic Christmas | Christmas Songs | Chrustmas | Christmas Music | Best Christmas | Old Christmas | Christmas Oldies | Rockin Around The Christmas Tree | Let It Snow | Sleigh Ride | It's The Most Wonderful Time of the Year,https://image-cdn-ak.spotifycdn.com/image/ab67706c0000d72c22a9e5d8b57b34bde8e33b5c,True,"['christmas', nan, 'adult standards', 'jazz', 'big band']",christmas,50,111,61.93396226415094,2578851.9858490564
Filtr US,https://open.spotify.com/user/myplay.com,2mVPH2qZdAlqyDEXH87xjW,Baking Christmas Cookies üéÑ,https://open.spotify.com/playlist/2mVPH2qZdAlqyDEXH87xjW,7846,154,Christmas Classics | Old Christmas Music | Vintage Christmas | Nostalgic Christmas | Christmas Songs | Chrustmas | Christmas Music | Best Christmas | Old Christmas | Christmas Oldies | Rockin Around The Christmas Tree | Let It Snow | Sleigh Ride | It's The Most Wonderful Time of the Year,https://image-cdn-ak.spotifycdn.com/image/ab67706c0000d72c3e74e7f2b6a36ce5cf005ea4,True,"[nan, 'christmas', 'country', 'classic country', 'motown']",,41,96,68.52272727272727,9950552.755681818
Filtr US,https://open.spotify.com/user/myplay.com,2tOFi02yR2SrYvgskpjBtB,Christmas Nostalgia ‚ùÑÔ∏è,https://open.spotify.com/playlist/2tOFi02yR2SrYvgskpjBtB,3579,153,Christmas | Christmas 2024 | Christmas Songs | Classic Christmas | Christmas Classics | Vintage Christmas | Holiday Music | Best Christmas | Pasko | Holiday Songs | All I Want For Christmas Is You | Rockin Around The Christmas Tree | Last Christmas | Let It Snow | Sleigh Ride,https://image-cdn-ak.spotifycdn.com/image/ab67706c0000d72c8745fae7636f1c9a939ab47a,True,"['christmas', nan, 'adult standards', 'big band', 'swing music']",christmas,34,88,69.82122905027933,6224516.759776536
Filtr US,https://open.spotify.com/user/myplay.com,2tjVcRvjscJ7ZzhMfYghiV,Christmas Hits üéÑ Holiday 2025,https://open.spotify.com/playlist/2tjVcRvjscJ7ZzhMfYghiV,14,150,Christmas | Christmas Songs | Christmas Music | Classic Christmas | Christmas Classics | Xmas | Vintage Christmas | Holiday Music | Holiday | Holiday Songs | Best Christmas | Traditional Christmas | Old Christmas | Christmas Oldies,https://image-cdn-ak.spotifycdn.com/image/ab67706c0000da84e06a38f5d7b62b5616e23809,True,"[nan, 'christmas', 'r&b', 'pop', 'soft pop']",,46,116,67.76683937823834,13264327.098445596
Filtr US,https://open.spotify.com/user/myplay.com,2wW2k1Hu2WeEDKvdOMyxzT,FALL FEELS 2025 üçÅ CHILL AUTUMN VIBES,https://open.spotify.com/playlist/2wW2k1Hu2WeEDKvdOMyxzT,64423,100,"Catch those fall ~feels~ with Adele, Hozier, JP Saxe, &amp; more | Autumn Halloween Pumpkin Spice Chill Harvest Cozy Warm Seasonal Vibes | Cover: Lamb of God",https://image-cdn-ak.spotifycdn.com/image/ab67706c0000da84b3ee7a8ca3fc1cd93bd2aedb,True,"[nan, 'indie', 'psychedelic rock', 'classic rock', 'progressive rock']",,66,92,60.17355371900826,3475538.090909091
Filtr US,https://open.spotify.com/user/myplay.com,351jAiriSNBuQEfI1DT3CT,SPRING FEELS üåª  2025,https://open.spotify.com/playlist/351jAiriSNBuQEfI1DT3CT,19635,102,"Spring into the best and blossoming tracks of the season. Featuring Adele, Khalid, Luke Combs, P!nk and more! Cover: Paul Russell &amp; Saweetie",https://image-cdn-ak.spotifycdn.com/image/ab67706c0000da84401b7be8afb35c0486de8e13,True,"[nan, 'country', 'k-pop', 'latin afrobeats', 'reggaeton']",,44,104,67.01587301587301,7211584.396825396
Filtr US,https://open.spotify.com/user/myplay.com,3FiftQJ1B9Sz9zAzYQZTcm,Emerging Electronic | New Rising EDM DJs,https://open.spotify.com/playlist/3FiftQJ1B9Sz9zAzYQZTcm,10048,105,Emerging electronic hits from today's up and coming DJs. | Discover EDM Deep Electronic Dance Music New Rising House Techno | Cover: Joezi,https://image-cdn-ak.spotifycdn.com/image/ab67706c0000da84fe15674931a131a327406504,True,"[nan, 'melodic house', 'stutter house', 'afro house', 'melodic techno']",,49,132,42.305882352941175,367007.78235294117
Filtr US,https://open.spotify.com/user/myplay.com,3Irogru6vgG5fRaegdGhcj,Late Night Electronic and Dance 2025 üçæü™©,https://open.spotify.com/playlist/3Irogru6vgG5fRaegdGhcj,70929,136,All of the latest Electronic and Dance hits | Nightclub 2024 EDM Gaming Dancepop Club Phonk Remix Gym Workout Party Ibiza | Cover: Calvin Harris &amp; Ellie Goulding,https://image-cdn-ak.spotifycdn.com/image/ab67706c0000da84b2430de79e42e0497349dad9,True,"[nan, 'edm', 'house', 'afro house', 'tech house']",,91,198,54.7265625,2307010.40625
Filtr US,https://open.spotify.com/user/myplay.com,3KO9gKkuxNtZj1Ka4xNBkA,RnB Mix - R&B Music 2025,https://open.spotify.com/playlist/3KO9gKkuxNtZj1Ka4xNBkA,102101,104,"New &amp; fresh R&amp;B music from Miguel, SZA, Libianca and more! 2025 R&amp;B Hits. Cover: reggie",https://image-cdn-ak.spotifycdn.com/image/ab67706c0000da84180be9672e88563b9ab9fb93,True,"[nan, 'r&b', 'dark r&b', 'trap soul', 'uk r&b']",,52,73,60.76923076923077,5386149.376923077
Filtr US,https://open.spotify.com/user/myplay.com,3MuEJg3XOTV0q8E48qCcLc,Morning Chill ‚òï,https://open.spotify.com/playlist/3MuEJg3XOTV0q8E48qCcLc,143958,340,chill | relaxing | peaceful | calm | morning coffee | acoustic | coffeehouse | relax | lofi | soft morning music | tea | uplifting | happy songs | sunrise | indie | soft pop | good morning | lounge | chillout | spa | jazz | calming | meditation,https://image-cdn-ak.spotifycdn.com/image/ab67706c0000da841aa1e00a8cbbb1e0953acb82,True,"[nan, 'country', 'alternative r&b', 'r&b', 'singer-songwriter']",,149,294,59.111111111111114,5615850.305555556
Filtr US,https://open.spotify.com/user/myplay.com,3PQu8JGns5oSsqlYaV3MbR,RAP / HIP HOP BANGERS 2025,https://open.spotify.com/playlist/3PQu8JGns5oSsqlYaV3MbR,2460,143,"goated playlist. Future, GloRilla, 21 Savage, Tyler, The Creator, Meg Thee Stallion, Kendrick Lamar,  Travis Scott, Drake",https://image-cdn-ak.spotifycdn.com/image/ab67706c0000da8438e34201b471fad41dcdc775,True,"[nan, 'rap', 'melodic rap', 'drill', 'brooklyn drill']",,26,100,77.12396694214875,16899073.020661157
Filtr US,https://open.spotify.com/user/myplay.com,3XSTvGuYjHFJHsWRitxWyX,Up Next,https://open.spotify.com/playlist/3XSTvGuYjHFJHsWRitxWyX,56691,222,"Discover what great new artists like Mimi Webb, Jessie Murph, and Powfu have got next! | New Rising Pop | Cover: Thomas Day",https://image-cdn-ak.spotifycdn.com/image/ab67706c0000da842c1aef40c372b0a03e01fec7,True,"[nan, 'country', 'k-pop', 'bedroom pop', 'indonesian r&b']",,55,177,50.82142857142857,1238112.0158730159
Filtr US,https://open.spotify.com/user/myplay.com,3ZSq7rHkmA5m0suVh5z8lM,Hip Hop Made Me üî• 2025 Rap Hits,https://open.spotify.com/playlist/3ZSq7rHkmA5m0suVh5z8lM,234371,106,Today's Best Rap Tracks üî• Party Hip Hop with the new generation. | Hip-Hop 2025 HipHop Fifty 50 New Rap Drill Rappers | Cover: BossMan Dlow,https://image-cdn-ak.spotifycdn.com/image/ab67706c0000da84417a0d37dfce13af9edde3ef,True,"[nan, 'chicago drill', 'reggaeton', 'southern hip hop', 'trap soul']",,47,104,62.81410256410256,4267822.942307692
Filtr US,https://open.spotify.com/user/myplay.com,3ZmlpsP8cyMmpQDBki6nZr,cyber pop | emerging hyperpop 2025,https://open.spotify.com/playlist/3ZmlpsP8cyMmpQDBki6nZr,22116,186,cyberpop hyper pop 2024 cyber pop hyperpop cyber punk glitchcore cyberpunk tik tok sped up slowed down electronic nintendocore cybercore | Cover: BUNT.,https://image-cdn-ak.spotifycdn.com/image/ab67706c0000da842925ba4d6a646a716fea4367,True,"[nan, 'hyperpop', 'stutter house', 'art pop', 'glitch']",,79,205,52.0739299610895,1927047.9844357977
Filtr US,https://open.spotify.com/user/myplay.com,3hoI0s5TLdpPMcimSRmQpj,Viral Hits 2025 üòãüé∂ Trending TikTok Sounds,https://open.spotify.com/playlist/3hoI0s5TLdpPMcimSRmQpj,222813,100,"Top Viral Internet Hits of 2025, TikTok Hits, Trending Hot Tracks! Featuring Tyla, Paul Russell, SZA, and more. | Tik Tok Instagram IG Reels Online Web Internet | Cover: Lola Brooke",https://image-cdn-fa.spotifycdn.com/image/ab67706c0000da84614c4454cab8f3be61080dd3,True,"[nan, 'r&b', 'country', 'rap', 'k-pop']",,69,99,75.15555555555555,9341694.444444444
Filtr US,https://open.spotify.com/user/myplay.com,3i3r8WqFBreVjamaD5wCeC,sad boi hours ü•∫ late night songs to cry to,https://open.spotify.com/playlist/3i3r8WqFBreVjamaD5wCeC,31349,286,sad | sad songs | sad girl | sad boy | sad hour | lofi | late night | in my feels | crying | bummer summer | depressing music | crying myself to sleep | lonely | sad hours | :( | slow songs | chill | dark songs | sad bops | heartbreak | breakup | solemn | gloomy | losing someone,https://image-cdn-ak.spotifycdn.com/image/ab67706c0000da84ad3f791133cc6ed5cc6c30b9,True,"[nan, 'r&b', 'emo rap', 'soft pop', 'cloud rap']",,75,247,63.202312138728324,7435207.416184971
Filtr US,https://open.spotify.com/user/myplay.com,3iztohj5joBfP9GP63rB8F,Traditional Holiday Music ‚ú®,https://open.spotify.com/playlist/3iztohj5joBfP9GP63rB8F,14,150,Classic Christmas | Christmas Classics | Vintage Christmas | Old Christmas | Christmas | Holiday | Christmas Oldies | Nostalgic Christmas | Christmas Songs | Christmas Music | Best Christmas | 1940s | 1950s | 1960s | Classic,https://image-cdn-ak.spotifycdn.com/image/ab67706c0000da8488af2a97a83673775e69bd53,True,"['christmas', 'adult standards', 'big band', 'swing music', 'vocal jazz']",christmas,26,48,65.26424870466322,2039414.2487046632
Filtr US,https://open.spotify.com/user/myplay.com,3o3N3Q8fNZk8Z2i6tTqlfR,Christmas Top 100 Songs üéÑ,https://open.spotify.com/playlist/3o3N3Q8fNZk8Z2i6tTqlfR,53,100,Christmas Songs | Classic Christmas | Christmas Classics | Vintage Christmas | Holiday Music | Best Christmas | Pasko | Holiday Songs | All I Want For Christmas Is You | Rockin Around The Christmas Tree | Last Christmas | Let It Snow | Sleigh Ride | It's The Most Wonderful Time of the Year,https://image-cdn-ak.spotifycdn.com/image/ab67706c0000da84a378f8c12a2a8b0e6e3ff43d,True,"['christmas', 'adult standards', nan, 'big band', 'swing music']",christmas,31,64,71.46491228070175,6029669.359649123
Filtr US,https://open.spotify.com/user/myplay.com,3sXcki9T1Dp5a57L2cd9Jq,Christmas Classics üéÑ,https://open.spotify.com/playlist/3sXcki9T1Dp5a57L2cd9Jq,30388,162,Classic Christmas | Vintage Christmas | Old Christmas | Christmas | Holiday | Christmas Oldies | Nostalgic Christmas | Christmas Songs | Christmas Music | Best Christmas | 1940s | 1950s | 1960s | Classic,https://image-cdn-ak.spotifycdn.com/image/ab67706c0000da8494cb96fe63bb29ac5e88e8cc,True,"['christmas', 'adult standards', 'big band', 'swing music', 'vocal jazz']",christmas,34,59,64.3756345177665,1770306.502538071
Filtr US,https://open.spotify.com/user/myplay.com,40D9VyiI9yDvNWx5SFyTae,tailgate party classics üèà,https://open.spotify.com/playlist/40D9VyiI9yDvNWx5SFyTae,11299,171,football anthems | tailgate party anthems | country music | classic rock | Super Bowl | NFL | big game | football | sec football | SEC | frat rock | NCAA | country party | college football | gameday | tailgate | auburn | drinking | party | roll tide | partying | red solo cup,https://image-cdn-ak.spotifycdn.com/image/ab67706c0000da84303f571f1fece68cf4a4bca1,True,"['country', nan, 'classic rock', 'classic country', 'rock']",country,61,152,70.75,7872513.132075472
Filtr US,https://open.spotify.com/user/myplay.com,48LD0JyeJ3gwgxYMQENrai,Alt Vibes ‚Äì New Indie Rock and Alternative Songs,https://open.spotify.com/playlist/48LD0JyeJ3gwgxYMQENrai,9000,111,The best new Indie &amp; Alternative tracks | Marrow Alternative Rock Alternative-Rock Alt-Rock Alt Rock | Cover: blink-182,https://image-cdn-ak.spotifycdn.com/image/ab67706c0000da84b427ff3dd6f84eefa934fddd,True,"[nan, 'pop punk', 'punk', 'emo', 'bedroom pop']",,39,95,50.04132231404959,1518110.5867768596
Filtr US,https://open.spotify.com/user/myplay.com,4ANVDtJVtVMVc2Nk79VU1M,Hit Songs 2025 üé∂ Top Hits,https://open.spotify.com/playlist/4ANVDtJVtVMVc2Nk79VU1M,564827,101,"The biggest of today's top 2025 hits and chart toppers feat. hits by Tate McRae, SZA, Beyonc√© &amp; more üé∂ 2025 Best Popular Pop Radio Hits üé∂ Cover: Tate McRae",https://image-cdn-ak.spotifycdn.com/image/ab67706c0000da845700bbd7003d47bf112b9713,True,"[nan, 'r&b', 'latin', 'reggaeton', 'trap soul']",,70,99,74.82758620689656,8815999.151724137
Filtr US,https://open.spotify.com/user/myplay.com,4JkkvMpVl4lSioqQjeAL0q,2025 Hits ‚Äì Top Global Tracks üåéüåçüåè,https://open.spotify.com/playlist/4JkkvMpVl4lSioqQjeAL0q,463896,68,"The top tracks of 2023 &amp; 2024 mixed with what's hot now. Pop, Hip Hop, Dance &amp; Latin hits ft. Tate McRae, Travis Scott, Tyla &amp; more. Cover: Tate McRae.",https://image-cdn-ak.spotifycdn.com/image/ab67706c0000da8466592b98e7e2e7bc36d488ad,True,"[nan, 'rap', 'r&b', 'k-pop', 'hip hop']",,27,58,83.28571428571429,22309223.791208792
Filtr US,https://open.spotify.com/user/myplay.com,4UeRg7G4h9gxqlonlifPEn,Turnt Mode ‚Äì Rap Pregame,https://open.spotify.com/playlist/4UeRg7G4h9gxqlonlifPEn,37478,129,"Turnt mode means bangers only ‚Äì Featuring Nardo Wick, Lil Tjay, Polo G &amp; more. | Hip-Hop Hip Hop Rap Rappers Pre-game Lit Pre game Pregame HipHop | Cover: Polo G",https://image-cdn-fa.spotifycdn.com/image/ab67706c0000da84c862a01d4bac6605a0c1e0f8,True,"[nan, 'drill', 'rap', 'chicago drill', 'uk drill']",,53,121,68.30049261083744,9178460.586206896
Filtr US,https://open.spotify.com/user/myplay.com,4WfAcYQBvJc0UjKxXdKuGJ,ROCK CHRISTMAS üéÑ TOP 100 CLASSICS,https://open.spotify.com/playlist/4WfAcYQBvJc0UjKxXdKuGJ,301,130,"Nothing gets you in the Christmas spirit quite like these hard-hitting rock classics: Foo Fighters, Wham!, Pearl Jam, AC/DC and other alternative and grunge favorites.",https://image-cdn-ak.spotifycdn.com/image/ab67706c0000da8428fa5550b18ecd86375a7ca8,True,"['country', nan, 'christmas', 'christian', 'worship']",country,56,94,66.13138686131387,4249951.459854014
Filtr US,https://open.spotify.com/user/myplay.com,4XAFASuetQmcyQGbXVcfmM,Christmas Carols üéÑüé∂,https://open.spotify.com/playlist/4XAFASuetQmcyQGbXVcfmM,4791,153,Christmas Classics | Old Christmas Music | Vintage Christmas | Nostalgic Christmas | Christmas Songs | Chrustmas | Christmas Music | Best Christmas | Old Christmas | Christmas Oldies | Rockin Around The Christmas Tree | Let It Snow | Sleigh Ride | It's The Most Wonderful Time of the Year,https://image-cdn-ak.spotifycdn.com/image/ab67706c0000da840995e7b913aa9dd1db94439a,True,"['christmas', 'adult standards', 'big band', 'swing music', 'vocal jazz']",christmas,45,98,62.295336787564764,1872121.901554404
Filtr US,https://open.spotify.com/user/myplay.com,4bP7HrQ6Wqn76jS5PkzH4s,Jingle Bells - Kids Version,https://open.spotify.com/playlist/4bP7HrQ6Wqn76jS5PkzH4s,24,159,,https://mosaic.scdn.co/640/ab67616d00001e0215757bbb97b673b118e23871ab67616d00001e0270f5a9f0544d02472f3715feab67616d00001e02a8ec812a490bb6402eaf562dab67616d00001e02b327e371cc9613d89861281e,True,"['christmas', ""children's music"", nan, 'lullaby', 'rockabilly']",christmas,17,63,42.75,1251492.6830357143
Filtr US,https://open.spotify.com/user/myplay.com,4bU3mmeykgdSMtmwlJh09x,CHRISTMAS PARTY CLASSICS üéÑ,https://open.spotify.com/playlist/4bU3mmeykgdSMtmwlJh09x,65165,176,"Time to get festive and have a merry Xmas! Throw the perfect holiday party with our Ultimate Christmas mix with classic, upbeat favorites from Mariah Carey, Wham! and The Ronettes. So grab the egg nog and start the festivities with this merry Christmas music playlist. ü•≥ ",https://image-cdn-ak.spotifycdn.com/image/ab67706c0000da84440fbebd691ab488c3270362,True,"['christmas', nan, 'adult standards', 'vocal jazz', 'jazz']",christmas,52,125,67.19806763285024,8182423.685990338
Filtr US,https://open.spotify.com/user/myplay.com,4em3xR5YVCP33dIyksqgnh,Beyond Borders: Asian Artists A to Z,https://open.spotify.com/playlist/4em3xR5YVCP33dIyksqgnh,1384971,61,"The best of K-Pop, J-Pop, and beyond. Spotlighting Asian artists from around the world. Cover: Jackson Wang",https://image-cdn-ak.spotifycdn.com/image/ab67706c0000da847e955fe3e245d06a79f2b6f7,True,"['k-pop', nan, 'bass house', 'c-pop', 'edm']",k-pop,29,47,55.151898734177216,1780667.1898734176
Filtr US,https://open.spotify.com/user/myplay.com,4hLbbjssSJCo0s52xx38bj,Today We Rock,https://open.spotify.com/playlist/4hLbbjssSJCo0s52xx38bj,41135,61,The best of all things rock. Today we celebrate music from Four Year Strong. Cover: Mumford &amp; Sons,https://image-cdn-ak.spotifycdn.com/image/ab67706c0000d72c5b8d93838edc5b88360027e6,True,"[nan, 'pop punk', 'indie folk', 'blues rock', 'blues']",,65,68,44.4320987654321,830093.0493827161
Filtr US,https://open.spotify.com/user/myplay.com,4qWf6L4SzmeEofF7bbMrXv,Acoustic Christmas Songs üéµ,https://open.spotify.com/playlist/4qWf6L4SzmeEofF7bbMrXv,12,151,Acoustic | Chill | Peaceful | Relaxing | Piano | Study | Focus | Guitar | Classic Christmas | Christmas | Christmas Music | Christmas Acoustic | Chill Christmas | Christmas Hits,https://image-cdn-ak.spotifycdn.com/image/ab67706c0000da84b4c4bbce07202e1070124df2,True,"[nan, 'jazz', 'christmas', 'classical', 'orchestral']",,34,81,50.13454545454545,382482.7127272727
Filtr US,https://open.spotify.com/user/myplay.com,4wROHzeAHRlKjwr837s5Qh,Top Christmas Songs üéÅ,https://open.spotify.com/playlist/4wROHzeAHRlKjwr837s5Qh,34,160,Christmas Songs | Classic Christmas | Christmas Classics | Vintage Christmas | Holiday Music | Best Christmas | Pasko | Holiday Songs | All I Want For Christmas Is You | Rockin Around The Christmas Tree | Last Christmas | Let It Snow | Sleigh Ride | It's The Most Wonderful Time of the Year,https://image-cdn-ak.spotifycdn.com/image/ab67706c0000da84eb7702d1642dcbb7533272aa,True,"['christmas', nan, 'adult standards', 'big band', 'swing music']",christmas,38,95,69.6951871657754,6109765.77540107
Filtr US,https://open.spotify.com/user/myplay.com,5LaPfCgNO4qOR0ImD4iy8s,Old Christmas Music üéÑ 40s 50s 60s,https://open.spotify.com/playlist/5LaPfCgNO4qOR0ImD4iy8s,11,150,Classic Christmas | Vintage Christmas | Old Christmas | Christmas | Holiday | Christmas Oldies | Nostalgic Christmas | Christmas Songs | Christmas Music | Best Christmas | 1940s | 1950s | 1960s | Classic,https://image-cdn-ak.spotifycdn.com/image/ab67706c0000da846ab144870ac04d90b2fef329,True,"['christmas', 'adult standards', 'big band', 'vocal jazz', 'swing music']",christmas,31,62,62.890625,1556798.1822916667
Filtr US,https://open.spotify.com/user/myplay.com,5MZ9NB8TxCE9MVeHM0NAl1,BEST NEW | 2025 MUSIC,https://open.spotify.com/playlist/5MZ9NB8TxCE9MVeHM0NAl1,24859,124,"Tune into the BEST in NEW music, updated every Friday üé∂ NMF Brand New Recent Newest Fresh Latest Current Songs Releases üé∂ Cover: Tate McRae",https://image-cdn-fa.spotifycdn.com/image/ab67706c0000da845e4e378d50f255a014002437,True,"[nan, 'country', 'worship', 'christian', 'latin']",,88,121,64.32592592592593,4287590.325925926
Filtr US,https://open.spotify.com/user/myplay.com,5UDQ07VHxJ26ZVzAh5Wu0S,SUMMER FEELS 2025  ‚òÄÔ∏è   ‚ÄçSUMMER 2025 HITS,https://open.spotify.com/playlist/5UDQ07VHxJ26ZVzAh5Wu0S,22534,103,Hottest songs of summer 2025 | Hot Girl Summer Vibes Beach Vibes Sunny 2025 | Cover: Zara Larsson,https://image-cdn-fa.spotifycdn.com/image/ab67706c0000da8413f486868c93b0a19dedfdd0,True,"[nan, 'country', 'afrobeats', 'afro r&b', 'k-pop']",,67,114,68.84137931034483,7433315.820689655
Filtr US,https://open.spotify.com/user/myplay.com,5VNW7yCNsNGPfZgFR2FOuc,PRIDE 2025 ANTHEMS üè≥Ô∏è‚Äçüåàüè≥Ô∏è‚Äç‚ößÔ∏è BRAT SUMMER PARTY üåàü™©,https://open.spotify.com/playlist/5VNW7yCNsNGPfZgFR2FOuc,27859,100,Enjoy Gay Pride Anthems 2025 üåà üè≥Ô∏è‚Äçüåà Brat Summer Party Serving Bops Gay Anthems ü™© Pride Parade Gay Club Classics LGBTQ üè≥Ô∏è‚Äç‚ößÔ∏è Cover: Lil Nas X,https://image-cdn-ak.spotifycdn.com/image/ab67706c0000da84c39c6d9dff98ae8f0444df2a,True,"[nan, 'pop', 'art pop', 'edm', 'hyperpop']",,30,79,70.65873015873017,14043354.349206349
Filtr US,https://open.spotify.com/user/myplay.com,5VusvMk3aK3O13G6K8JB7B,Latino Vibes MIX 2025,https://open.spotify.com/playlist/5VusvMk3aK3O13G6K8JB7B,115340,151,"The latest of Musica Latina all in the Latino Vibes Mix playlist! Trending reggaet√≥n, pop, trap, and more await. Amplify your playlist with the best Latin hits featuring Maluma, Rauw Alejandro, Becky G, Farruko, Fuerza Regida, Shakira, and more. üî•üî•",https://image-cdn-ak.spotifycdn.com/image/ab67706c0000da84e7b9470780296b2b5c7574c6,True,"['reggaeton', 'trap latino', 'urbano latino', 'latin', 'corrido']",reggaeton,71,130,77.68600682593856,14544529.890784983
Filtr US,https://open.spotify.com/user/myplay.com,5hXkM9ZEwPWTPKvzN94jZd,80s Christmas,https://open.spotify.com/playlist/5hXkM9ZEwPWTPKvzN94jZd,9035,99,"Last Christmas I gave you my heart! Holiday hits from Wham!, RUN-DMC, Whitney Houston, New Kids On The Block and more. For more great holiday music follow <a>Christmas Hits</a> and <a href=""http://open.spotify.com/user/myplay.com/playlist/6Xktukt1BZDC07b6UEx8yq"">90s Christmas</a>!",https://image-cdn-ak.spotifycdn.com/image/ab67706c0000d72cecf2f991c864d75a66df2d1e,True,"[nan, 'christmas', 'classic country', 'country', 'synthpop']",,65,92,56.29090909090909,2682074.8181818184
Filtr US,https://open.spotify.com/user/myplay.com,5l6rFyXN63iINVsbaBObag,Christmas Music üéÑ Holiday Classics,https://open.spotify.com/playlist/5l6rFyXN63iINVsbaBObag,1019243,172,Christmas | Christmas Songs | Classic Christmas | Christmas Classics | Xmas | Vintage Christmas | Holiday Music | Holiday | Holiday Songs | Best Christmas | Traditional Christmas | Old Christmas | Christmas Oldies,https://image-cdn-ak.spotifycdn.com/image/ab67706c0000da84144079238b6e16bea849acaa,True,"['christmas', nan, 'adult standards', 'big band', 'country']",christmas,66,125,66.01951219512195,4550100.946341463
Filtr US,https://open.spotify.com/user/myplay.com,5mSKNQ1g0jk5WYsMujuztF,OFFBEAT - Moody Vibes,https://open.spotify.com/playlist/5mSKNQ1g0jk5WYsMujuztF,13582,111,An eclectic mix of genre-defying tunes | Moody Genreless Lorem Indie OFFBEAT | Cover: Dina Ayada,https://image-cdn-ak.spotifycdn.com/image/ab67706c0000da84e32659e95ffa36c8284ba8ef,True,"[nan, 'art pop', 'indie', 'r&b', 'neo-psychedelic']",,62,89,59.71544715447155,1909628.4390243902
Filtr US,https://open.spotify.com/user/myplay.com,5pKW5jKqR7D0Bu3qjp6xxP,CLUBBING THROWBACKS ü™©¬†üíÉüèª‚ú®,https://open.spotify.com/playlist/5pKW5jKqR7D0Bu3qjp6xxP,50000,147,"recession pop party, throwbacks, PARTY, college party, pregame party,  party throwbacks, house party, 2010s - 2025 party songs, 2025, after party, frat party,  Pitbull, Kesha, Doja Cat, T-Pain, Beyonce, Tyla, Chris Brown, Charli xcx, &amp; more",https://image-cdn-ak.spotifycdn.com/image/ab67706c0000da84a9ac56d39a4fec8b112d58fe,True,"[nan, 'edm', 'pop', 'r&b', 'southern hip hop']",,34,133,76.81927710843374,15554967.522088353
Filtr US,https://open.spotify.com/user/myplay.com,5z4vK3CcoDToszMVwfeRLo,K Vibes,https://open.spotify.com/playlist/5z4vK3CcoDToszMVwfeRLo,37401,60,Omo! Your home for all kinds of K-Pop! A mix of new releases and fan favorites. Cover: IVE,https://image-cdn-ak.spotifycdn.com/image/ab67706c0000da848b6b9a291387a4a7eecbd42c,True,"['k-pop', 'k-rap', nan, 'k-rock', 'noise music']",k-pop,18,48,59.8,3479298.5714285714
Filtr US,https://open.spotify.com/user/myplay.com,5zpfd3EQLZ41uqmz9xawXT,Country Songs 2025  ü§†üèú New Country Music,https://open.spotify.com/playlist/5zpfd3EQLZ41uqmz9xawXT,4665,101,The best and hottest country music | Hot Country Songs 2025 Country Summer Country Pop Country-pop Americana | Cover: Kameron Marlowe,https://image-cdn-fa.spotifycdn.com/image/ab67706c0000da841a810b64a4e37d219a0fc62a,True,"['country', nan, 'outlaw country', 'alt country', 'red dirt']",country,24,63,60.02564102564103,2717333.5384615385
Filtr US,https://open.spotify.com/user/myplay.com,68bXT1MZWZvLOJc0FZrgf7,Dance For Days ü™©üï∫ 2025 EDM,https://open.spotify.com/playlist/68bXT1MZWZvLOJc0FZrgf7,93904,106,Dance to your favorite electronic hits ü™© 2025 EDM Dancepop New DJ Mint Upbeat Dancefloor Rave üï∫ Cover: Marco Luka,https://image-cdn-ak.spotifycdn.com/image/ab67706c0000da840e05a41b947206375cb0e5b2,True,"[nan, 'stutter house', 'edm', 'afro house', 'melodic house']",,68,126,57.148809523809526,2516245.625
Filtr US,https://open.spotify.com/user/myplay.com,6LUikHsZgw4VLRsYg49YU0,Anime Songs,https://open.spotify.com/playlist/6LUikHsZgw4VLRsYg49YU0,4345,101,"New and classic sounds from the world of Anime featuring the latest tracks from Solo Leveling, Chainsaw Man, Cyberpunk, BLEACH &amp; more!",https://image-cdn-ak.spotifycdn.com/image/ab67706c0000da84468cf3daa088453bc37c589d,True,"['anime', 'j-pop', 'j-rock', 'soundtrack', nan]",anime,27,68,54.388888888888886,1635250.8333333333
Filtr US,https://open.spotify.com/user/myplay.com,6Xktukt1BZDC07b6UEx8yq,90s Christmas,https://open.spotify.com/playlist/6Xktukt1BZDC07b6UEx8yq,1992,33,"All I Want for Christmas is you! 1990s holiday hits! Mariah Carey, N Sync, Whitney Houston, Celine Dion, TLC, TSO. For more great holiday music follow Christmas Hits and 80s Christmas!",https://image-cdn-ak.spotifycdn.com/image/ab67706c0000da846b29fa40f071ea391514d3c0,True,"[nan, 'christmas', 'soundtrack', 'big band', 'vocal jazz']",,20,26,65.27777777777777,3962558.8333333335
Filtr US,https://open.spotify.com/user/myplay.com,6hVNpqaQ8exUpKoBVyAX2x,Holiday Classics üéÑ,https://open.spotify.com/playlist/6hVNpqaQ8exUpKoBVyAX2x,15,149,Classic Christmas | Christmas Classics | Vintage Christmas | Old Christmas | Christmas | Holiday | Christmas Oldies | Nostalgic Christmas | Christmas Songs | Christmas Music | Best Christmas | 1940s | 1950s | 1960s | Classic,https://image-cdn-ak.spotifycdn.com/image/ab67706c0000da840e0b88d0221f09c11a4e6aec,True,"['christmas', 'adult standards', 'big band', 'vocal jazz', 'swing music']",christmas,32,67,64.5130890052356,2028336.6073298429
Filtr US,https://open.spotify.com/user/myplay.com,6j2ZnN1A2xcWQMELm6hcdI,Influence üíÖ Hot Girl Era 2025,https://open.spotify.com/playlist/6j2ZnN1A2xcWQMELm6hcdI,327042,152,"The baddest and most influential women in music [Ex. <a href=""https://open.spotify.com/artist/6vWDO969PvNqNYHIOW5v0m"">Beyonc√©</a>] Cover: Latto",https://image-cdn-ak.spotifycdn.com/image/ab67706c0000da84194b4d93c8cd3e4ffec58eb3,True,"[nan, 'afrobeats', 'alternative r&b', 'afro house', 'k-pop']",,66,118,60.6436170212766,7040667.984042553
Filtr US,https://open.spotify.com/user/myplay.com,6k4qTDy3RjHlkovX1rqgvU,Metal Overload ü§ò New Heavy Metalcore,https://open.spotify.com/playlist/6k4qTDy3RjHlkovX1rqgvU,13651,102,"Today's new metal: heavy metal, doom metal, &amp; metalcoreü§òThrash Power Metal, Prog Metal, Kickass Nu Metal ü§ò Cover: Judas Priest",https://image-cdn-ak.spotifycdn.com/image/ab67706c0000da843be24e6b881ede5c41057075,True,"['metalcore', 'metal', 'deathcore', 'death metal', 'djent']",metalcore,49,84,43.34146341463415,780945.3170731707
Filtr US,https://open.spotify.com/user/myplay.com,6mGasCaULpzrolUvoKZpMT,CHRISTMAS ROCK SONGS üéÑüé∏,https://open.spotify.com/playlist/6mGasCaULpzrolUvoKZpMT,26444,102,"Nothing gets you in the Christmas spirit quite like these hard-hitting rock christmas classics: Foo Fighters, Wham!, Pearl Jam, AC/DC and other alternative and grunge favorites.",https://image-cdn-ak.spotifycdn.com/image/ab67706c0000da84eeb38bec06be9b7b50ac1286,True,"['christmas', nan, 'rock', 'rockabilly', 'classic rock']",christmas,78,96,60.53636363636364,4309459.890909091
Filtr US,https://open.spotify.com/user/myplay.com,6ux6bu4vn2cWk6Kwzjv0bp,Christmas Holiday Essentials üéÑ,https://open.spotify.com/playlist/6ux6bu4vn2cWk6Kwzjv0bp,10,150,Christmas | Christmas Songs | Classic Christmas | Christmas Hits | Christmas Classics | Xmas | Vintage Christmas | Holiday Music | Holiday | Holiday Songs | Best Christmas | Traditional Christmas | Old Christmas | Christmas Oldies,https://image-cdn-ak.spotifycdn.com/image/ab67706c0000da849dee7c3537a227dd806c7d73,True,"[nan, 'christmas', 'r&b', 'neo soul', 'soft pop']",,43,108,67.81818181818181,12674936.331550803
Filtr US,https://open.spotify.com/user/myplay.com,7EpJpnU6KrSc430F8B5tM7,Poolside In Your Mind üåûüå¥üåä Pool Party Vibes,https://open.spotify.com/playlist/7EpJpnU6KrSc430F8B5tM7,69214,289,Tropical house and dance remixes...Press play and drift away... | Sunny Summer 2024 Beach Pool Party Vibes Latin Reggae Reggaeton,https://image-cdn-ak.spotifycdn.com/image/ab67706c0000da84cbf7093b7bc8f156144e453e,True,"[nan, 'reggaeton', 'latin', 'urbano latino', 'edm']",,155,338,67.4930966469428,10367595.759368837
Filtr US,https://open.spotify.com/user/myplay.com,7FDyC1JdV3jkGzAE9BONKt,Country Vibes,https://open.spotify.com/playlist/7FDyC1JdV3jkGzAE9BONKt,268483,78,"Check out hits from Megan Moroney, Luke Combs, ¬†Kane Brown and more! Cover: Dylan Marlowe",https://image-cdn-ak.spotifycdn.com/image/ab67706c0000da84f257f42e74cb9f3f8ecefe31,True,"['country', nan, 'pop country', 'traditional country', 'texas country']",country,16,39,60.702127659574465,2665296.840425532
Filtr US,https://open.spotify.com/user/myplay.com,7b2rMhQyuX3vkgQz2umhdV,Pulse & Flow | Tropical Rhythmic,https://open.spotify.com/playlist/7b2rMhQyuX3vkgQz2umhdV,11618,110,"Today's hottest rhythmic hits and crossover tropical tracks. Featuring SZA, Rauw Alejandro, and Ozuna. Cover: ROSAL√çA",https://image-cdn-ak.spotifycdn.com/image/ab67706c0000da84f32d0ecdf269a7e85ac6c71f,True,"['reggaeton', nan, 'corrido', 'banda', 'latin']",reggaeton,66,105,70.06369426751593,8327769.751592357
Filtr US,https://open.spotify.com/user/myplay.com,7b9DiMN2kttG8lYQogfQBw,Pop Matters üé§ 2025 Pop Hits,https://open.spotify.com/playlist/7b9DiMN2kttG8lYQogfQBw,298233,106,All your favorite top pop hits! | 2025 Pop Music Hits Stan Synthpop Dance Pop Electropop Pop Rock | Cover: The Kid LAROI,https://image-cdn-ak.spotifycdn.com/image/ab67706c0000da84bde990dde6f6e4e9b0a3f3f3,True,"[nan, 'afrobeats', 'latin pop', 'latin', 'k-pop']",,59,90,67.01626016260163,5686581.365853659
Filtr US,https://open.spotify.com/user/myplay.com,7fVi8Kx4OpoZrDLrlHs6xp,Christmas All Year Round üéÑüåûüçÇüéÑ,https://open.spotify.com/playlist/7fVi8Kx4OpoZrDLrlHs6xp,32,89,"from the snow days through the sun days, christmas never stops! christmas in july, tropical christmas, summer, all i want for christmas, sleigh ride, reindeer, mariah carey, wham, the ronnettes",https://image-cdn-ak.spotifycdn.com/image/ab67706c0000da840c77e9babcc7d5019a0d98d9,True,"['christmas', 'country', nan, 'adult standards', 'big band']",christmas,29,61,70.33,6348499.49
Filtr US,https://open.spotify.com/user/myplay.com,7qG6mhDrAHOnbQWVaXrGfM,Silent Night ‚Äì A Classical Christmas ,https://open.spotify.com/playlist/7qG6mhDrAHOnbQWVaXrGfM,7138,105,"Fill your holiday with the festive music featuring John Williams, Alexis Ffrench, HAUSER, Chloe Flower, and Yo-Yo Ma! Perfect for a quiet, calm, silent night.",https://image-cdn-ak.spotifycdn.com/image/ab67706c0000da84505794c06e35f8c594a33072,True,"[nan, 'classical', 'neoclassical', 'christmas', 'orchestral']",,32,89,50.1875,470185.3020833333
Filtr US,https://open.spotify.com/user/myplay.com,7sKmAO39QS3XRrxnLW4Jxr,diva is a female version of a hustler üíÖ,https://open.spotify.com/playlist/7sKmAO39QS3XRrxnLW4Jxr,55,231,"who is this diva, diva energy, diva tiktok dance, beyonce, i'm a diva, hustla",https://image-cdn-fa.spotifycdn.com/image/ab67706c0000da84c4cfc20e33aa936e0c18827e,True,"[nan, 'edm', 'hip hop', 'rap', 'alternative r&b']",,65,162,74.5246913580247,16363319.848765433
Filtr US,https://open.spotify.com/user/myplay.com,7vh3wuW6fCWKf8ajfJJ3Hi,CHRISTMAS SONGS 2025 üéÑ TOP HITS | Pasko sa Pinas,https://open.spotify.com/playlist/7vh3wuW6fCWKf8ajfJJ3Hi,123639,151,"The Ultimate Christmas Music Playlist: all the Best Holiday Hits, Classics &amp; Top Festive Xmas Songs! The ultimate Xmas playlist with all the hits, top music &amp; festive classics for the season! See more on our <a href=""https://lnk.to/ChristmasSongs_subscribeYD"">Christmas Songs YouTube Channel</a>!",https://image-cdn-ak.spotifycdn.com/image/ab67706c0000d72c7030e2ddfa368ce21ccb0f9b,True,"['christmas', nan, 'adult standards', 'big band', 'swing music']",christmas,38,88,71.29142857142857,6486474.285714285
